{
  "avg_reward": {
    "mean": 267.572,
    "std": 63.083542196043496,
    "min": 167.05,
    "max": 341.3
  },
  "total_modifications": {
    "mean": 220.8,
    "std": 51.01921206761234,
    "min": 174.0,
    "max": 316.0
  },
  "avg_violations_per_step": {
    "mean": 0.010831331823911956,
    "std": 0.002781404044484591,
    "min": 0.00669924095756123,
    "max": 0.015264890751272074
  },
  "train_episodes": {
    "mean": 500.0,
    "std": 0.0,
    "min": 500.0,
    "max": 500.0
  },
  "avg_shield_mod_rate": {
    "mean": 0.008573358222575126,
    "std": 0.0020394855281725605,
    "min": 0.005347100580805753,
    "max": 0.011673151750972763
  },
  "best_avg_reward": {
    "mean": 313.02,
    "std": 64.45995345949298,
    "min": 209.9,
    "max": 384.8
  },
  "env": "CartPole-v1",
  "method": "ppo_preshield_soft",
  "total_steps": {
    "mean": 26757.2,
    "std": 6308.354219604349,
    "min": 16705.0,
    "max": 34130.0
  },
  "seed": {
    "mean": 484.2,
    "std": 373.42276309834136,
    "min": 42.0,
    "max": 1011.0
  },
  "min_reward": {
    "mean": 72.4,
    "std": 52.25552602356998,
    "min": 23.0,
    "max": 170.0
  },
  "final_reward": {
    "mean": 217.2,
    "std": 82.65204171706831,
    "min": 123.0,
    "max": 368.0
  },
  "std_reward": {
    "mean": 93.18286203580195,
    "std": 21.0307808418209,
    "min": 51.841368616193,
    "max": 108.43998340095777
  },
  "max_reward": {
    "mean": 461.8,
    "std": 76.39999999999999,
    "min": 309.0,
    "max": 500.0
  },
  "total_violations": {
    "mean": 278.0,
    "std": 64.46394341025066,
    "min": 218.0,
    "max": 396.0
  },
  "avg_violations_per_episode": {
    "mean": 2.78,
    "std": 0.6446394341025067,
    "min": 2.18,
    "max": 3.96
  },
  "avg_modifications_per_episode": {
    "mean": 2.2079999999999997,
    "std": 0.5101921206761234,
    "min": 1.74,
    "max": 3.16
  }
}