{
  "total_violations": {
    "mean": 341.6,
    "std": 132.71111483217973,
    "min": 107.0,
    "max": 514.0
  },
  "avg_violations_per_step": {
    "mean": 0.021776874048080902,
    "std": 0.017955599979576433,
    "min": 0.0028824654508229843,
    "max": 0.055814963622543165
  },
  "avg_violations_per_episode": {
    "mean": 3.4160000000000004,
    "std": 1.3271111483217974,
    "min": 1.07,
    "max": 5.14
  },
  "avg_modifications_per_episode": {
    "mean": 2.7960000000000003,
    "std": 1.0882573225115464,
    "min": 0.87,
    "max": 4.21
  },
  "final_reward": {
    "mean": 181.6,
    "std": 32.041223447303004,
    "min": 139.0,
    "max": 217.0
  },
  "env": "CartPole-v1",
  "total_steps": {
    "mean": 22501.0,
    "std": 9098.674738663867,
    "min": 9209.0,
    "max": 37121.0
  },
  "total_modifications": {
    "mean": 279.6,
    "std": 108.82573225115463,
    "min": 87.0,
    "max": 421.0
  },
  "std_reward": {
    "mean": 71.82703450148487,
    "std": 21.120862073374283,
    "min": 36.294102826767876,
    "max": 93.85295733220131
  },
  "best_avg_reward": {
    "mean": 278.0,
    "std": 50.96736210556713,
    "min": 213.9,
    "max": 341.1
  },
  "seed": {
    "mean": 484.2,
    "std": 373.42276309834136,
    "min": 42.0,
    "max": 1011.0
  },
  "train_episodes": {
    "mean": 500.0,
    "std": 0.0,
    "min": 500.0,
    "max": 500.0
  },
  "max_reward": {
    "mean": 381.2,
    "std": 151.90312702508794,
    "min": 134.0,
    "max": 500.0
  },
  "min_reward": {
    "mean": 60.2,
    "std": 74.27085565684564,
    "min": 12.0,
    "max": 206.0
  },
  "avg_shield_mod_rate": {
    "mean": 0.017841512613666607,
    "std": 0.014717949526225642,
    "min": 0.0023436868618841086,
    "max": 0.045716147247258115
  },
  "method": "ppo_preshield_soft",
  "avg_reward": {
    "mean": 225.01,
    "std": 90.98674738663865,
    "min": 92.09,
    "max": 371.21
  }
}