{
  "avg_reward": {
    "mean": 265.518,
    "std": 24.615410945178223,
    "min": 242.09,
    "max": 307.03,
    "median": 258.08
  },
  "avg_violations_per_step": {
    "mean": 0.01162917829598762,
    "std": 0.0018541021552758363,
    "min": 0.0102441240860836,
    "max": 0.0152334558064649,
    "median": 0.011120582765034
  },
  "total_violations": {
    "mean": 307.2,
    "std": 44.291759956000845,
    "min": 248.0,
    "max": 369.0,
    "median": 287.0
  },
  "avg_shield_mod_rate": {
    "mean": 0.00973991547809296,
    "std": 0.0017627514870473073,
    "min": 0.0080548556322028,
    "max": 0.0131280188250835,
    "median": 0.0092994420334779
  },
  "max_reward": {
    "mean": 500.0,
    "std": 0.0,
    "min": 500.0,
    "max": 500.0,
    "median": 500.0
  },
  "total_modifications": {
    "mean": 257.4,
    "std": 42.68770314739363,
    "min": 195.0,
    "max": 318.0,
    "median": 244.0
  },
  "std_reward": {
    "mean": 101.35896010754071,
    "std": 8.504376868293901,
    "min": 90.11522845779176,
    "max": 114.40147332967352,
    "median": 99.74187636093478
  },
  "total_steps": {
    "mean": 26551.8,
    "std": 2461.5410945178223,
    "min": 24209.0,
    "max": 30703.0,
    "median": 25808.0
  },
  "best_avg_reward": {
    "mean": 235.67200000000003,
    "std": 14.051730711908768,
    "min": 210.88,
    "max": 253.4,
    "median": 239.8
  },
  "final_reward": {
    "mean": 294.4,
    "std": 102.52531394733693,
    "min": 175.0,
    "max": 481.0,
    "median": 286.0
  },
  "seed": {
    "mean": 484.2,
    "std": 373.42276309834136,
    "min": 42.0,
    "max": 1011.0,
    "median": 456.0
  },
  "method": "ppo_preshield_soft",
  "env": "CartPole-v1",
  "min_reward": {
    "mean": 28.8,
    "std": 12.843675486401857,
    "min": 12.0,
    "max": 49.0,
    "median": 29.0
  },
  "avg_violations_per_episode": {
    "mean": 3.072,
    "std": 0.4429175995600085,
    "min": 2.48,
    "max": 3.69,
    "median": 2.87
  },
  "train_episodes": {
    "mean": 164.0,
    "std": 28.705400188814647,
    "min": 130.0,
    "max": 210.0,
    "median": 160.0
  },
  "avg_modifications_per_episode": {
    "mean": 2.5740000000000003,
    "std": 0.42687703147393635,
    "min": 1.95,
    "max": 3.18,
    "median": 2.44
  }
}