{
  "total_violations": {
    "mean": 495.8,
    "std": 309.8066493798995,
    "min": 125.0,
    "max": 1044.0
  },
  "avg_violations_per_step": {
    "mean": 0.02549654360520443,
    "std": 0.010836944170626006,
    "min": 0.007924935015532873,
    "max": 0.036479262028722176
  },
  "avg_violations_per_episode": {
    "mean": 4.958,
    "std": 3.0980664937989952,
    "min": 1.25,
    "max": 10.44
  },
  "avg_modifications_per_episode": {
    "mean": 3.936,
    "std": 2.5127642149632745,
    "min": 0.97,
    "max": 8.39
  },
  "final_reward": {
    "mean": 241.4,
    "std": 130.02707410381885,
    "min": 159.0,
    "max": 500.0
  },
  "env": "CartPole-v1",
  "total_steps": {
    "mean": 18396.6,
    "std": 5228.699517088355,
    "min": 14281.0,
    "max": 28619.0
  },
  "total_modifications": {
    "mean": 393.6,
    "std": 251.27642149632743,
    "min": 97.0,
    "max": 839.0
  },
  "std_reward": {
    "mean": 52.97126776065765,
    "std": 58.00430821782735,
    "min": 15.876835326978737,
    "max": 165.84117070257315
  },
  "best_avg_reward": {
    "mean": 220.22000000000003,
    "std": 85.52787615742601,
    "min": 151.5,
    "max": 384.3
  },
  "seed": {
    "mean": 484.2,
    "std": 373.42276309834136,
    "min": 42.0,
    "max": 1011.0
  },
  "train_episodes": {
    "mean": 500.0,
    "std": 0.0,
    "min": 500.0,
    "max": 500.0
  },
  "max_reward": {
    "mean": 270.2,
    "std": 119.65182823509218,
    "min": 163.0,
    "max": 500.0
  },
  "min_reward": {
    "mean": 63.8,
    "std": 52.29302056680222,
    "min": 14.0,
    "max": 132.0
  },
  "avg_shield_mod_rate": {
    "mean": 0.020187675665818673,
    "std": 0.008823725075289566,
    "min": 0.006149749572053509,
    "max": 0.029316188546070793
  },
  "method": "ppo_layer_soft",
  "avg_reward": {
    "mean": 183.96599999999998,
    "std": 52.28699517088356,
    "min": 142.81,
    "max": 286.19
  }
}