{
  "total_steps": {
    "mean": 25873.2,
    "std": 10352.606249635886,
    "min": 13910.0,
    "max": 44431.0
  },
  "seed": {
    "mean": 484.2,
    "std": 373.42276309834136,
    "min": 42.0,
    "max": 1011.0
  },
  "std_reward": {
    "mean": 87.15880065586938,
    "std": 25.43324651377446,
    "min": 50.10938035936984,
    "max": 126.78866629158934
  },
  "avg_violations_per_step": {
    "mean": 0.01225307653798656,
    "std": 0.009861730088545873,
    "min": 0.005064031869640566,
    "max": 0.031703810208483105
  },
  "total_violations": {
    "mean": 250.4,
    "std": 103.59073317628368,
    "min": 132.0,
    "max": 441.0
  },
  "env": "CartPole-v1",
  "avg_reward": {
    "mean": 258.73199999999997,
    "std": 103.52606249635886,
    "min": 139.1,
    "max": 444.31
  },
  "method": "ppo_layer_soft",
  "max_reward": {
    "mean": 425.8,
    "std": 89.56874454853099,
    "min": 256.0,
    "max": 500.0
  },
  "avg_violations_per_episode": {
    "mean": 2.504,
    "std": 1.035907331762837,
    "min": 1.32,
    "max": 4.41
  },
  "avg_modifications_per_episode": {
    "mean": 2.0460000000000003,
    "std": 0.8606880968155652,
    "min": 1.06,
    "max": 3.63
  },
  "train_episodes": {
    "mean": 124.0,
    "std": 20.591260281974,
    "min": 90.0,
    "max": 150.0
  },
  "best_avg_reward": {
    "mean": 206.77599999999998,
    "std": 5.6500959283891845,
    "min": 200.72,
    "max": 216.36
  },
  "final_reward": {
    "mean": 230.4,
    "std": 64.67642538050475,
    "min": 151.0,
    "max": 349.0
  },
  "min_reward": {
    "mean": 50.6,
    "std": 34.94910585408445,
    "min": 11.0,
    "max": 112.0
  },
  "avg_shield_mod_rate": {
    "mean": 0.010042717628249872,
    "std": 0.008148408492691002,
    "min": 0.004006211879093426,
    "max": 0.026096333572969088
  },
  "total_modifications": {
    "mean": 204.6,
    "std": 86.06880968155653,
    "min": 106.0,
    "max": 363.0
  }
}