{
  "best_avg_reward": {
    "mean": 268.8,
    "std": 11.745637488020819,
    "min": 255.5,
    "max": 290.5,
    "median": 267.5
  },
  "avg_violations_per_episode": {
    "mean": 98.758,
    "std": 9.24265849201408,
    "min": 86.03,
    "max": 111.78,
    "median": 99.88
  },
  "train_episodes": {
    "mean": 44.0,
    "std": 4.898979485566356,
    "min": 40.0,
    "max": 50.0,
    "median": 40.0
  },
  "avg_reward": {
    "mean": 291.56,
    "std": 51.2380171357167,
    "min": 210.8,
    "max": 357.4,
    "median": 311.2
  },
  "max_reward": {
    "mean": 704.0,
    "std": 226.4155471693585,
    "min": 480.0,
    "max": 1100.0,
    "median": 660.0
  },
  "final_reward": {
    "mean": 348.0,
    "std": 112.1427661510095,
    "min": 160.0,
    "max": 460.0,
    "median": 420.0
  },
  "total_modifications": {
    "mean": 9875.8,
    "std": 924.2658492014081,
    "min": 8603.0,
    "max": 11178.0,
    "median": 9988.0
  },
  "seed": {
    "mean": 484.2,
    "std": 373.42276309834136,
    "min": 42.0,
    "max": 1011.0,
    "median": 456.0
  },
  "avg_modifications_per_episode": {
    "mean": 98.758,
    "std": 9.24265849201408,
    "min": 86.03,
    "max": 111.78,
    "median": 99.88
  },
  "min_reward": {
    "mean": 116.0,
    "std": 14.966629547095765,
    "min": 100.0,
    "max": 140.0,
    "median": 120.0
  },
  "method": "ppo_preshield_hard",
  "env": "ALE/Seaquest-v5",
  "avg_violations_per_step": {
    "mean": 0.10369989790558805,
    "std": 0.008188495033692242,
    "min": 0.09592215013901761,
    "max": 0.11946201495566992,
    "median": 0.1005305225764233
  },
  "total_steps": {
    "mean": 96117.2,
    "std": 13920.437685647674,
    "min": 76359.0,
    "max": 116532.0,
    "median": 100118.0
  },
  "total_violations": {
    "mean": 9875.8,
    "std": 924.2658492014081,
    "min": 8603.0,
    "max": 11178.0,
    "median": 9988.0
  },
  "avg_shield_mod_rate": {
    "mean": 0.10369989790558805,
    "std": 0.008188495033692242,
    "min": 0.09592215013901761,
    "max": 0.11946201495566992,
    "median": 0.1005305225764233
  },
  "std_reward": {
    "mean": 101.5558977138388,
    "std": 24.4669499434709,
    "min": 71.07292030020997,
    "max": 133.25629441043301,
    "median": 93.60854661835104
  }
}