avg_reward,std_reward,max_reward,min_reward,avg_shield_mod_rate,avg_violations_per_step,avg_violations_per_episode,avg_modifications_per_episode,total_violations,total_modifications,total_steps,train_episodes,best_avg_reward,final_reward,seed,method,env
-53.6,34.77499101365808,-15,-200,0.0,0.00037313432835820896,0.02,0.0,2,0,5360,270,-81.96,-169,42,cppo,CliffWalking-v1
-49.98,136.32395094039785,-15,-1000,0.0,0.0,0.0,0.0,0,0,4998,190,-100.0,-1000,123,cppo,CliffWalking-v1
-27.95,12.224872187470918,-15,-79,0.0,0.0014311270125223613,0.04,0.0,4,0,2795,170,-485.48,-1000,456,cppo,CliffWalking-v1
-93.71,48.83406495470145,-24,-242,0.0,0.0,0.0,0.0,0,0,9371,320,-60.36,-44,789,cppo,CliffWalking-v1
-90.68,52.63817626020113,-34,-362,0.0,0.047860608734009706,4.34,0.0,434,0,9068,180,-492.92,-1000,1011,cppo,CliffWalking-v1
