{
  "best_avg_reward": {
    "mean": 275.6,
    "std": 25.714587299818756,
    "min": 252.0,
    "max": 317.5,
    "median": 260.5
  },
  "avg_violations_per_episode": {
    "mean": 99.70599999999999,
    "std": 7.498620139732376,
    "min": 90.49,
    "max": 112.57,
    "median": 97.22
  },
  "train_episodes": {
    "mean": 42.0,
    "std": 4.0,
    "min": 40.0,
    "max": 50.0,
    "median": 40.0
  },
  "avg_reward": {
    "mean": 273.6,
    "std": 56.37474611916226,
    "min": 209.2,
    "max": 366.8,
    "median": 276.8
  },
  "max_reward": {
    "mean": 568.0,
    "std": 73.32121111929344,
    "min": 460.0,
    "max": 660.0,
    "median": 540.0
  },
  "final_reward": {
    "mean": 228.0,
    "std": 82.55906976220118,
    "min": 140.0,
    "max": 360.0,
    "median": 240.0
  },
  "total_modifications": {
    "mean": 9970.6,
    "std": 749.8620139732376,
    "min": 9049.0,
    "max": 11257.0,
    "median": 9722.0
  },
  "seed": {
    "mean": 484.2,
    "std": 373.42276309834136,
    "min": 42.0,
    "max": 1011.0,
    "median": 456.0
  },
  "avg_modifications_per_episode": {
    "mean": 99.70599999999999,
    "std": 7.498620139732376,
    "min": 90.49,
    "max": 112.57,
    "median": 97.22
  },
  "min_reward": {
    "mean": 112.0,
    "std": 20.396078054371138,
    "min": 80.0,
    "max": 140.0,
    "median": 120.0
  },
  "method": "ppo_layer_hard",
  "env": "ALE/Seaquest-v5",
  "avg_violations_per_step": {
    "mean": 0.11006147019792194,
    "std": 0.012449911449073644,
    "min": 0.0954937988836294,
    "max": 0.1256798297469851,
    "median": 0.1024324972040262
  },
  "total_steps": {
    "mean": 92145.2,
    "std": 15435.409698482254,
    "min": 76122.0,
    "max": 117882.0,
    "median": 88353.0
  },
  "total_violations": {
    "mean": 9970.6,
    "std": 749.8620139732376,
    "min": 9049.0,
    "max": 11257.0,
    "median": 9722.0
  },
  "avg_shield_mod_rate": {
    "mean": 0.11006147019792194,
    "std": 0.012449911449073644,
    "min": 0.0954937988836294,
    "max": 0.1256798297469851,
    "median": 0.1024324972040262
  },
  "std_reward": {
    "mean": 90.97265849713787,
    "std": 12.872583499947908,
    "min": 67.96587378971891,
    "max": 101.47787936294294,
    "median": 99.18548280872558
  }
}