{
  "total_steps": {
    "mean": 17892.0,
    "std": 5881.74984167127,
    "min": 9807.0,
    "max": 25578.0
  },
  "seed": {
    "mean": 484.2,
    "std": 373.42276309834136,
    "min": 42.0,
    "max": 1011.0
  },
  "std_reward": {
    "mean": 67.20661195260503,
    "std": 24.192866507546558,
    "min": 43.93273380976876,
    "max": 110.38078229474552
  },
  "avg_violations_per_step": {
    "mean": 0.026010618756122317,
    "std": 0.011528934769149,
    "min": 0.011181484087888029,
    "max": 0.04063282012130466
  },
  "total_violations": {
    "mean": 444.8,
    "std": 258.7241001530395,
    "min": 281.0,
    "max": 958.0
  },
  "env": "CartPole-v1",
  "avg_reward": {
    "mean": 178.92,
    "std": 58.817498416712695,
    "min": 98.07,
    "max": 255.78
  },
  "method": "ppo_semantic_loss",
  "max_reward": {
    "mean": 411.6,
    "std": 105.54733535243795,
    "min": 218.0,
    "max": 500.0
  },
  "avg_violations_per_episode": {
    "mean": 4.4479999999999995,
    "std": 2.5872410015303946,
    "min": 2.81,
    "max": 9.58
  },
  "avg_modifications_per_episode": {
    "mean": 0.0,
    "std": 0.0,
    "min": 0.0,
    "max": 0.0
  },
  "train_episodes": {
    "mean": 356.0,
    "std": 127.53038853543887,
    "min": 210.0,
    "max": 500.0
  },
  "best_avg_reward": {
    "mean": 196.10399999999998,
    "std": 35.269255506744116,
    "min": 132.56,
    "max": 229.08
  },
  "final_reward": {
    "mean": 269.0,
    "std": 132.09996214988104,
    "min": 146.0,
    "max": 500.0
  },
  "min_reward": {
    "mean": 51.0,
    "std": 20.189105973271822,
    "min": 16.0,
    "max": 71.0
  },
  "avg_shield_mod_rate": {
    "mean": 0.0,
    "std": 0.0,
    "min": 0.0,
    "max": 0.0
  },
  "total_modifications": {
    "mean": 0.0,
    "std": 0.0,
    "min": 0.0,
    "max": 0.0
  }
}