{
  "total_steps": {
    "mean": 26498.0,
    "std": 14541.640856519598,
    "min": 12540.0,
    "max": 50000.0
  },
  "seed": {
    "mean": 484.2,
    "std": 373.42276309834136,
    "min": 42.0,
    "max": 1011.0
  },
  "std_reward": {
    "mean": 31.317367918810028,
    "std": 42.1389865402324,
    "min": 0.0,
    "max": 114.88298873201374
  },
  "avg_violations_per_step": {
    "mean": 0.04628746487641152,
    "std": 0.060187255553596115,
    "min": 6e-05,
    "max": 0.16108452950558214
  },
  "total_violations": {
    "mean": 677.8,
    "std": 733.8150720719764,
    "min": 3.0,
    "max": 2020.0
  },
  "env": "CartPole-v1",
  "avg_reward": {
    "mean": 264.98,
    "std": 145.41640856519595,
    "min": 125.4,
    "max": 500.0
  },
  "method": "ppo_layer_hard",
  "max_reward": {
    "mean": 316.0,
    "std": 153.08167754502824,
    "min": 155.0,
    "max": 500.0
  },
  "avg_violations_per_episode": {
    "mean": 6.7780000000000005,
    "std": 7.338150720719764,
    "min": 0.03,
    "max": 20.2
  },
  "avg_modifications_per_episode": {
    "mean": 6.7780000000000005,
    "std": 7.338150720719764,
    "min": 0.03,
    "max": 20.2
  },
  "train_episodes": {
    "mean": 180.0,
    "std": 164.19500601419034,
    "min": 50.0,
    "max": 500.0
  },
  "best_avg_reward": {
    "mean": 209.93599999999998,
    "std": 21.88532439786991,
    "min": 172.52,
    "max": 235.12
  },
  "final_reward": {
    "mean": 343.6,
    "std": 159.3720176191542,
    "min": 142.0,
    "max": 500.0
  },
  "min_reward": {
    "mean": 184.2,
    "std": 166.24969172903752,
    "min": 15.0,
    "max": 500.0
  },
  "avg_shield_mod_rate": {
    "mean": 0.04628746487641152,
    "std": 0.060187255553596115,
    "min": 6e-05,
    "max": 0.16108452950558214
  },
  "total_modifications": {
    "mean": 677.8,
    "std": 733.8150720719764,
    "min": 3.0,
    "max": 2020.0
  }
}