{
  "total_modifications": {
    "mean": 99.6,
    "std": 46.821362645698386,
    "min": 33.0,
    "max": 166.0
  },
  "seed": {
    "mean": 484.2,
    "std": 373.42276309834136,
    "min": 42.0,
    "max": 1011.0
  },
  "avg_modifications_per_episode": {
    "mean": 0.9960000000000001,
    "std": 0.46821362645698383,
    "min": 0.33,
    "max": 1.66
  },
  "best_avg_reward": {
    "mean": 309.1,
    "std": 162.1547655790603,
    "min": 39.0,
    "max": 450.3
  },
  "std_reward": {
    "mean": 43.46567216758926,
    "std": 22.306444876305505,
    "min": 6.750585159821332,
    "max": 67.81295156531678
  },
  "min_reward": {
    "mean": 161.0,
    "std": 125.59299343514351,
    "min": 10.0,
    "max": 330.0
  },
  "avg_shield_mod_rate": {
    "mean": 0.01256441860805906,
    "std": 0.017725703715132907,
    "min": 0.000697438498605123,
    "max": 0.04748062015503876
  },
  "final_reward": {
    "mean": 229.6,
    "std": 118.95478132466977,
    "min": 24.0,
    "max": 361.0
  },
  "env": "CartPole-v1",
  "avg_reward": {
    "mean": 290.198,
    "std": 167.70142711378458,
    "min": 20.64,
    "max": 473.16
  },
  "avg_violations_per_episode": {
    "mean": 0.9960000000000001,
    "std": 0.46821362645698383,
    "min": 0.33,
    "max": 1.66
  },
  "total_violations": {
    "mean": 99.6,
    "std": 46.821362645698386,
    "min": 33.0,
    "max": 166.0
  },
  "max_reward": {
    "mean": 359.0,
    "std": 187.7508987994465,
    "min": 31.0,
    "max": 500.0
  },
  "avg_violations_per_step": {
    "mean": 0.01256441860805906,
    "std": 0.017725703715132907,
    "min": 0.000697438498605123,
    "max": 0.04748062015503876
  },
  "train_episodes": {
    "mean": 500.0,
    "std": 0.0,
    "min": 500.0,
    "max": 500.0
  },
  "method": "ppo_layer_hard",
  "total_steps": {
    "mean": 29019.8,
    "std": 16770.142711378456,
    "min": 2064.0,
    "max": 47316.0
  }
}