{
  "total_violations": {
    "mean": 471.4,
    "std": 545.3316788890959,
    "min": 84.0,
    "max": 1546.0
  },
  "avg_violations_per_step": {
    "mean": 0.026119529613964087,
    "std": 0.03200133211065033,
    "min": 0.002056353888712086,
    "max": 0.08907069193985136
  },
  "avg_violations_per_episode": {
    "mean": 4.7139999999999995,
    "std": 5.45331678889096,
    "min": 0.84,
    "max": 15.46
  },
  "avg_modifications_per_episode": {
    "mean": 4.7139999999999995,
    "std": 5.45331678889096,
    "min": 0.84,
    "max": 15.46
  },
  "final_reward": {
    "mean": 183.4,
    "std": 65.62804278660153,
    "min": 109.0,
    "max": 296.0
  },
  "env": "CartPole-v1",
  "total_steps": {
    "mean": 23102.2,
    "std": 9390.327862220785,
    "min": 13803.0,
    "max": 40849.0
  },
  "total_modifications": {
    "mean": 471.4,
    "std": 545.3316788890959,
    "min": 84.0,
    "max": 1546.0
  },
  "std_reward": {
    "mean": 62.61660991827357,
    "std": 31.272478992602483,
    "min": 19.75117971160204,
    "max": 110.33795856367834
  },
  "best_avg_reward": {
    "mean": 260.96,
    "std": 74.99940266428794,
    "min": 157.1,
    "max": 351.6
  },
  "seed": {
    "mean": 484.2,
    "std": 373.42276309834136,
    "min": 42.0,
    "max": 1011.0
  },
  "train_episodes": {
    "mean": 500.0,
    "std": 0.0,
    "min": 500.0,
    "max": 500.0
  },
  "max_reward": {
    "mean": 384.2,
    "std": 119.1509966387189,
    "min": 186.0,
    "max": 500.0
  },
  "min_reward": {
    "mean": 75.0,
    "std": 81.15663866868809,
    "min": 14.0,
    "max": 235.0
  },
  "avg_shield_mod_rate": {
    "mean": 0.026119529613964087,
    "std": 0.03200133211065033,
    "min": 0.002056353888712086,
    "max": 0.08907069193985136
  },
  "method": "ppo_layer_hard",
  "avg_reward": {
    "mean": 231.02200000000002,
    "std": 93.90327862220788,
    "min": 138.03,
    "max": 408.49
  }
}