{
  "total_violations": {
    "mean": 229.4,
    "std": 34.418599622878325,
    "min": 186.0,
    "max": 290.0
  },
  "avg_violations_per_step": {
    "mean": 0.07685557028705517,
    "std": 0.005404488494926649,
    "min": 0.0704278682317304,
    "max": 0.08591190389515835
  },
  "avg_violations_per_episode": {
    "mean": 2.2939999999999996,
    "std": 0.3441859962287832,
    "min": 1.86,
    "max": 2.9
  },
  "avg_modifications_per_episode": {
    "mean": 1.8359999999999999,
    "std": 0.3128322234041755,
    "min": 1.53,
    "max": 2.4
  },
  "final_reward": {
    "mean": 28.6,
    "std": 23.07899477880265,
    "min": 12.0,
    "max": 74.0
  },
  "env": "CartPole-v1",
  "total_steps": {
    "mean": 2994.2,
    "std": 480.5993757798693,
    "min": 2641.0,
    "max": 3925.0
  },
  "total_modifications": {
    "mean": 183.6,
    "std": 31.283222340417556,
    "min": 153.0,
    "max": 240.0
  },
  "std_reward": {
    "mean": 19.664290608706057,
    "std": 2.9726646054263623,
    "min": 16.619638985248752,
    "max": 25.13418986162076
  },
  "best_avg_reward": {
    "mean": 45.480000000000004,
    "std": 3.491933561796386,
    "min": 39.9,
    "max": 49.8
  },
  "seed": {
    "mean": 484.2,
    "std": 373.42276309834136,
    "min": 42.0,
    "max": 1011.0
  },
  "train_episodes": {
    "mean": 500.0,
    "std": 0.0,
    "min": 500.0,
    "max": 500.0
  },
  "max_reward": {
    "mean": 104.6,
    "std": 16.46329250180534,
    "min": 89.0,
    "max": 130.0
  },
  "min_reward": {
    "mean": 8.8,
    "std": 0.7483314773547882,
    "min": 8.0,
    "max": 10.0
  },
  "avg_shield_mod_rate": {
    "mean": 0.061391846141806206,
    "std": 0.0049667782396225334,
    "min": 0.05630026809651475,
    "max": 0.07062249726974881
  },
  "method": "ppo_postshield_soft",
  "avg_reward": {
    "mean": 29.941999999999997,
    "std": 4.805993757798693,
    "min": 26.41,
    "max": 39.25
  }
}