{
  "total_steps": {
    "mean": 2959.4,
    "std": 88.00590889252834,
    "min": 2856.0,
    "max": 3119.0
  },
  "seed": {
    "mean": 484.2,
    "std": 373.42276309834136,
    "min": 42.0,
    "max": 1011.0
  },
  "std_reward": {
    "mean": 19.61468669098654,
    "std": 1.7817760842584385,
    "min": 17.253590930586014,
    "max": 21.861681088150565
  },
  "avg_violations_per_step": {
    "mean": 0.08088914354192245,
    "std": 0.004925711304879117,
    "min": 0.07502404616864379,
    "max": 0.0879725085910653
  },
  "total_violations": {
    "mean": 239.2,
    "std": 13.13620949893842,
    "min": 222.0,
    "max": 256.0
  },
  "env": "CartPole-v1",
  "avg_reward": {
    "mean": 29.594,
    "std": 0.8800590889252841,
    "min": 28.56,
    "max": 31.19
  },
  "method": "ppo_postshield_soft",
  "max_reward": {
    "mean": 98.4,
    "std": 20.293841430345317,
    "min": 75.0,
    "max": 129.0
  },
  "avg_violations_per_episode": {
    "mean": 2.3920000000000003,
    "std": 0.13136209498938414,
    "min": 2.22,
    "max": 2.56
  },
  "avg_modifications_per_episode": {
    "mean": 1.92,
    "std": 0.10972693379476163,
    "min": 1.71,
    "max": 2.02
  },
  "train_episodes": {
    "mean": 500.0,
    "std": 0.0,
    "min": 500.0,
    "max": 500.0
  },
  "best_avg_reward": {
    "mean": 35.976,
    "std": 2.7660339838837844,
    "min": 32.0,
    "max": 38.68
  },
  "final_reward": {
    "mean": 21.6,
    "std": 7.28285658241325,
    "min": 13.0,
    "max": 30.0
  },
  "min_reward": {
    "mean": 8.4,
    "std": 0.48989794855663565,
    "min": 8.0,
    "max": 9.0
  },
  "avg_shield_mod_rate": {
    "mean": 0.06488996642217991,
    "std": 0.003482371151053847,
    "min": 0.059873949579831935,
    "max": 0.06817414782315222
  },
  "total_modifications": {
    "mean": 192.0,
    "std": 10.972693379476162,
    "min": 171.0,
    "max": 202.0
  }
}