{
  "avg_reward": {
    "mean": -122.39199999999997,
    "std": 193.74828922083415,
    "min": -509.78,
    "max": -19.77,
    "median": -25.54499999999996
  },
  "env": "CliffWalking-v1",
  "avg_violations_per_step": {
    "mean": 0.003963857190139293,
    "std": 0.0031791272882431003,
    "min": 0.0005324813631522897,
    "max": 0.008968609865470852,
    "median": 0.003963857190139293
  },
  "total_violations": {
    "mean": 11.8,
    "std": 8.541662601625049,
    "min": 1.0,
    "max": 26.0,
    "median": 11.8
  },
  "final_reward": {
    "mean": -132.8,
    "std": 233.60171232249132,
    "min": -600.0,
    "max": -15.0,
    "median": -16.0
  },
  "avg_violations_per_episode": {
    "mean": 0.11800000000000002,
    "std": 0.0854166260162505,
    "min": 0.01,
    "max": 0.26,
    "median": 0.11800000000000002
  },
  "avg_shield_mod_rate": {
    "mean": 0.0,
    "std": 0.0,
    "min": 0.0,
    "max": 0.0,
    "median": 0.0
  },
  "total_steps": {
    "mean": 11071.0,
    "std": 18666.863003729362,
    "min": 1525.0,
    "max": 48404.0,
    "median": 1737.75
  },
  "train_episodes": {
    "mean": 174.0,
    "std": 32.61901286060018,
    "min": 130.0,
    "max": 220.0,
    "median": 174.0
  },
  "min_reward": {
    "mean": -303.0,
    "std": 212.03018653012595,
    "min": -698.0,
    "max": -117.0,
    "median": -303.0
  },
  "best_avg_reward": {
    "mean": -115.71200000000002,
    "std": 194.1457603348577,
    "min": -504.0,
    "max": -17.28,
    "median": -18.640000000000015
  },
  "seed": {
    "mean": 484.2,
    "std": 373.42276309834136,
    "min": 42.0,
    "max": 1011.0,
    "median": 484.2
  },
  "total_modifications": {
    "mean": 0.0,
    "std": 0.0,
    "min": 0.0,
    "max": 0.0,
    "median": 0.0
  },
  "method": "ppo_reward_shaping",
  "avg_modifications_per_episode": {
    "mean": 0.0,
    "std": 0.0,
    "min": 0.0,
    "max": 0.0,
    "median": 0.0
  },
  "max_reward": {
    "mean": -49.4,
    "std": 70.81694712425832,
    "min": -191.0,
    "max": -13.0,
    "median": -49.4
  },
  "std_reward": {
    "mean": 40.34364484555282,
    "std": 24.674218945610004,
    "min": 9.936654366536052,
    "max": 84.66103944554425,
    "median": 40.34364484555282
  }
}