{
  "avg_reward": {
    "mean": -31.018,
    "std": 9.598907021114435,
    "min": -49.15,
    "max": -22.2,
    "median": -31.018
  },
  "env": "CliffWalking-v1",
  "avg_violations_per_step": {
    "mean": 0.005600817368690442,
    "std": 0.003969946223610301,
    "min": 0.0,
    "max": 0.012209531311539977,
    "median": 0.005600817368690442
  },
  "total_violations": {
    "mean": 12.0,
    "std": 10.488088481701515,
    "min": 0.0,
    "max": 31.0,
    "median": 12.0
  },
  "final_reward": {
    "mean": -20.6,
    "std": 7.310266752998826,
    "min": -33.0,
    "max": -15.0,
    "median": -20.6
  },
  "avg_violations_per_episode": {
    "mean": 0.12000000000000002,
    "std": 0.10488088481701516,
    "min": 0.0,
    "max": 0.31,
    "median": 0.12000000000000002
  },
  "avg_shield_mod_rate": {
    "mean": 0.00466766081117038,
    "std": 0.0032942051223202305,
    "min": 0.0,
    "max": 0.010240252067743205,
    "median": 0.00466766081117038
  },
  "total_steps": {
    "mean": 2092.0,
    "std": 396.09140359265564,
    "min": 1574.0,
    "max": 2539.0,
    "median": 2092.0
  },
  "train_episodes": {
    "mean": 242.0,
    "std": 40.69397989875161,
    "min": 180.0,
    "max": 290.0,
    "median": 242.0
  },
  "min_reward": {
    "mean": -198.4,
    "std": 86.9312371935428,
    "min": -315.0,
    "max": -79.0,
    "median": -198.4
  },
  "best_avg_reward": {
    "mean": -21.552,
    "std": 5.251888803087894,
    "min": -31.72,
    "max": -16.48,
    "median": -21.552
  },
  "seed": {
    "mean": 484.2,
    "std": 373.42276309834136,
    "min": 42.0,
    "max": 1011.0,
    "median": 484.2
  },
  "total_modifications": {
    "mean": 10.0,
    "std": 8.740709353364863,
    "min": 0.0,
    "max": 26.0,
    "median": 10.0
  },
  "method": "ppo_preshield_soft",
  "avg_modifications_per_episode": {
    "mean": 0.1,
    "std": 0.08740709353364863,
    "min": 0.0,
    "max": 0.26,
    "median": 0.1
  },
  "max_reward": {
    "mean": -15.4,
    "std": 1.4966629547095764,
    "min": -17.0,
    "max": -13.0,
    "median": -15.4
  },
  "std_reward": {
    "mean": 31.953906811774903,
    "std": 15.177565663320497,
    "min": 7.299835614587496,
    "max": 53.881420731083175,
    "median": 31.953906811774903
  }
}