{
  "min_reward": {
    "mean": -42.0,
    "std": 6.2289646009589745,
    "min": -52.0,
    "max": -33.0,
    "median": -42.0
  },
  "total_steps": {
    "mean": 2438.4,
    "std": 306.8723513123983,
    "min": 2086.0,
    "max": 2799.0,
    "median": 2445.0
  },
  "max_reward": {
    "mean": -15.4,
    "std": 1.624807680927192,
    "min": -18.0,
    "max": -13.0,
    "median": -15.0
  },
  "avg_reward": {
    "mean": -24.383999999999997,
    "std": 3.068723513123983,
    "min": -27.99,
    "max": -20.86,
    "median": -24.45
  },
  "avg_violations_per_episode": {
    "mean": 4.602,
    "std": 0.49805220609891887,
    "min": 4.15,
    "max": 5.41,
    "median": 4.25
  },
  "best_avg_reward": {
    "mean": -23.544,
    "std": 2.8709413090483054,
    "min": -27.4,
    "max": -19.84,
    "median": -22.44
  },
  "train_episodes": {
    "mean": 420.0,
    "std": 72.6636084983398,
    "min": 320.0,
    "max": 500.0,
    "median": 420.0
  },
  "final_reward": {
    "mean": -21.8,
    "std": 3.3105890714493698,
    "min": -28.0,
    "max": -19.0,
    "median": -21.0
  },
  "avg_modifications_per_episode": {
    "mean": 4.602,
    "std": 0.49805220609891887,
    "min": 4.15,
    "max": 5.41,
    "median": 4.25
  },
  "seed": {
    "mean": 484.2,
    "std": 373.42276309834136,
    "min": 42.0,
    "max": 1011.0,
    "median": 456.0
  },
  "env": "CliffWalking-v1",
  "total_violations": {
    "mean": 460.2,
    "std": 49.8052206098919,
    "min": 415.0,
    "max": 541.0,
    "median": 425.0
  },
  "total_modifications": {
    "mean": 460.2,
    "std": 49.8052206098919,
    "min": 415.0,
    "max": 541.0,
    "median": 425.0
  },
  "avg_shield_mod_rate": {
    "mean": 0.1907017653847435,
    "std": 0.02353012083995616,
    "min": 0.15183994283672742,
    "max": 0.2212678936605317,
    "median": 0.19743101807802094
  },
  "method": "ppo_layer_hard",
  "avg_violations_per_step": {
    "mean": 0.1907017653847435,
    "std": 0.02353012083995616,
    "min": 0.15183994283672742,
    "max": 0.2212678936605317,
    "median": 0.19743101807802094
  },
  "std_reward": {
    "mean": 4.76335606975567,
    "std": 0.7415652046326188,
    "min": 3.765687188283169,
    "max": 5.644466316668034,
    "median": 4.775719841029203
  }
}