{
  "best_avg_reward": {
    "mean": 263.5,
    "std": 7.368853370776216,
    "min": 256.0,
    "max": 276.0,
    "median": 262.5
  },
  "avg_violations_per_episode": {
    "mean": 57.989999999999995,
    "std": 6.4563859859831805,
    "min": 45.74,
    "max": 64.65,
    "median": 60.15
  },
  "train_episodes": {
    "mean": 282.0,
    "std": 45.34313619501854,
    "min": 230.0,
    "max": 350.0,
    "median": 260.0
  },
  "avg_reward": {
    "mean": 270.8,
    "std": 34.412090898403726,
    "min": 227.2,
    "max": 314.8,
    "median": 283.2
  },
  "max_reward": {
    "mean": 516.0,
    "std": 69.74238309665078,
    "min": 440.0,
    "max": 640.0,
    "median": 520.0
  },
  "final_reward": {
    "mean": 344.0,
    "std": 93.29523031752481,
    "min": 180.0,
    "max": 460.0,
    "median": 340.0
  },
  "total_modifications": {
    "mean": 5431.6,
    "std": 658.6609446445113,
    "min": 4199.0,
    "max": 6132.0,
    "median": 5617.0
  },
  "seed": {
    "mean": 484.2,
    "std": 373.42276309834136,
    "min": 42.0,
    "max": 1011.0,
    "median": 456.0
  },
  "avg_modifications_per_episode": {
    "mean": 54.31600000000001,
    "std": 6.586609446445113,
    "min": 41.99,
    "max": 61.32,
    "median": 56.17
  },
  "min_reward": {
    "mean": 88.0,
    "std": 16.0,
    "min": 60.0,
    "max": 100.0,
    "median": 100.0
  },
  "method": "ppo_preshield_soft",
  "env": "ALE/Seaquest-v5",
  "avg_violations_per_step": {
    "mean": 0.06582035169740544,
    "std": 0.006249626376211964,
    "min": 0.057195018256389736,
    "max": 0.07647223352318959,
    "median": 0.06511623222271463
  },
  "total_steps": {
    "mean": 88238.8,
    "std": 7819.030768579953,
    "min": 78656.0,
    "max": 99284.0,
    "median": 91211.0
  },
  "total_violations": {
    "mean": 5799.0,
    "std": 645.638598598318,
    "min": 4574.0,
    "max": 6465.0,
    "median": 6015.0
  },
  "avg_shield_mod_rate": {
    "mean": 0.06160532130988032,
    "std": 0.00615645104860959,
    "min": 0.05250587705696994,
    "max": 0.07141222538649308,
    "median": 0.0617622174771363
  },
  "std_reward": {
    "mean": 90.16558894439888,
    "std": 10.026692889966162,
    "min": 74.96665925596525,
    "max": 102.86379343578577,
    "median": 87.75967183165625
  }
}