{
  "total_steps": {
    "mean": 3016.8,
    "std": 418.00114832378154,
    "min": 2289.0,
    "max": 3443.0
  },
  "seed": {
    "mean": 484.2,
    "std": 373.42276309834136,
    "min": 42.0,
    "max": 1011.0
  },
  "std_reward": {
    "mean": 22.04760325716185,
    "std": 5.479641467722689,
    "min": 13.475084415320001,
    "max": 29.225760896852623
  },
  "avg_violations_per_step": {
    "mean": 0.0826128832232694,
    "std": 0.003380343245145796,
    "min": 0.07883545960091592,
    "max": 0.08667127071823204
  },
  "total_violations": {
    "mean": 249.8,
    "std": 39.34158105618024,
    "min": 182.0,
    "max": 298.0
  },
  "env": "CartPole-v1",
  "avg_reward": {
    "mean": 30.168000000000006,
    "std": 4.1800114832378155,
    "min": 22.89,
    "max": 34.43
  },
  "method": "ppo_postshield_hard",
  "max_reward": {
    "mean": 114.0,
    "std": 20.985709423319477,
    "min": 82.0,
    "max": 138.0
  },
  "avg_violations_per_episode": {
    "mean": 2.498,
    "std": 0.39341581056180236,
    "min": 1.82,
    "max": 2.98
  },
  "avg_modifications_per_episode": {
    "mean": 2.498,
    "std": 0.39341581056180236,
    "min": 1.82,
    "max": 2.98
  },
  "train_episodes": {
    "mean": 500.0,
    "std": 0.0,
    "min": 500.0,
    "max": 500.0
  },
  "best_avg_reward": {
    "mean": 43.047999999999995,
    "std": 3.6176810251872706,
    "min": 37.16,
    "max": 46.56
  },
  "final_reward": {
    "mean": 13.6,
    "std": 3.1999999999999997,
    "min": 9.0,
    "max": 17.0
  },
  "min_reward": {
    "mean": 8.6,
    "std": 0.48989794855663565,
    "min": 8.0,
    "max": 9.0
  },
  "avg_shield_mod_rate": {
    "mean": 0.0826128832232694,
    "std": 0.003380343245145796,
    "min": 0.07883545960091592,
    "max": 0.08667127071823204
  },
  "total_modifications": {
    "mean": 249.8,
    "std": 39.34158105618024,
    "min": 182.0,
    "max": 298.0
  }
}