{
  "total_violations": {
    "mean": 308.8,
    "std": 68.73252505182681,
    "min": 226.0,
    "max": 418.0
  },
  "avg_violations_per_step": {
    "mean": 0.08120065331783677,
    "std": 0.005453583705101435,
    "min": 0.0740009866798224,
    "max": 0.08929276965626234
  },
  "avg_violations_per_episode": {
    "mean": 3.088,
    "std": 0.6873252505182681,
    "min": 2.26,
    "max": 4.18
  },
  "avg_modifications_per_episode": {
    "mean": 3.088,
    "std": 0.6873252505182681,
    "min": 2.26,
    "max": 4.18
  },
  "final_reward": {
    "mean": 23.4,
    "std": 9.728309205612248,
    "min": 11.0,
    "max": 37.0
  },
  "env": "CartPole-v1",
  "total_steps": {
    "mean": 3857.2,
    "std": 1020.4880009093689,
    "min": 2531.0,
    "max": 5390.0
  },
  "total_modifications": {
    "mean": 308.8,
    "std": 68.73252505182681,
    "min": 226.0,
    "max": 418.0
  },
  "std_reward": {
    "mean": 28.774167498878825,
    "std": 7.5646893357536795,
    "min": 16.64073015224993,
    "max": 40.33670784781524
  },
  "best_avg_reward": {
    "mean": 56.2,
    "std": 3.2,
    "min": 52.7,
    "max": 60.5
  },
  "seed": {
    "mean": 484.2,
    "std": 373.42276309834136,
    "min": 42.0,
    "max": 1011.0
  },
  "train_episodes": {
    "mean": 500.0,
    "std": 0.0,
    "min": 500.0,
    "max": 500.0
  },
  "max_reward": {
    "mean": 158.2,
    "std": 50.830699385312414,
    "min": 93.0,
    "max": 221.0
  },
  "min_reward": {
    "mean": 9.4,
    "std": 0.7999999999999999,
    "min": 9.0,
    "max": 11.0
  },
  "avg_shield_mod_rate": {
    "mean": 0.08120065331783677,
    "std": 0.005453583705101435,
    "min": 0.0740009866798224,
    "max": 0.08929276965626234
  },
  "method": "ppo_postshield_hard",
  "avg_reward": {
    "mean": 38.571999999999996,
    "std": 10.204880009093689,
    "min": 25.31,
    "max": 53.9
  }
}