{
  "best_avg_reward": {
    "mean": 261.2,
    "std": 5.921148537234984,
    "min": 253.5,
    "max": 268.0,
    "median": 263.0
  },
  "avg_violations_per_episode": {
    "mean": 58.370000000000005,
    "std": 7.650790808798789,
    "min": 48.63,
    "max": 65.37,
    "median": 63.51
  },
  "train_episodes": {
    "mean": 278.0,
    "std": 89.7552226892675,
    "min": 180.0,
    "max": 390.0,
    "median": 270.0
  },
  "avg_reward": {
    "mean": 239.0,
    "std": 23.747336692774617,
    "min": 205.6,
    "max": 265.4,
    "median": 248.4
  },
  "max_reward": {
    "mean": 504.0,
    "std": 46.3033476111609,
    "min": 420.0,
    "max": 560.0,
    "median": 520.0
  },
  "final_reward": {
    "mean": 348.0,
    "std": 96.0,
    "min": 260.0,
    "max": 500.0,
    "median": 300.0
  },
  "total_modifications": {
    "mean": 5377.8,
    "std": 636.5436041623543,
    "min": 4568.0,
    "max": 5971.0,
    "median": 5740.0
  },
  "seed": {
    "mean": 484.2,
    "std": 373.42276309834136,
    "min": 42.0,
    "max": 1011.0,
    "median": 456.0
  },
  "avg_modifications_per_episode": {
    "mean": 53.778,
    "std": 6.365436041623544,
    "min": 45.68,
    "max": 59.71,
    "median": 57.4
  },
  "min_reward": {
    "mean": 68.0,
    "std": 16.0,
    "min": 40.0,
    "max": 80.0,
    "median": 80.0
  },
  "method": "ppo_layer_soft",
  "env": "ALE/Seaquest-v5",
  "avg_violations_per_step": {
    "mean": 0.07118857587505383,
    "std": 0.004666078463494898,
    "min": 0.0650220617729643,
    "max": 0.07739941746193374,
    "median": 0.07337022446598353
  },
  "total_steps": {
    "mean": 81655.2,
    "std": 5924.06709617641,
    "min": 74303.0,
    "max": 88164.0,
    "median": 84458.0
  },
  "total_violations": {
    "mean": 5837.0,
    "std": 765.0790808798787,
    "min": 4863.0,
    "max": 6537.0,
    "median": 6351.0
  },
  "avg_shield_mod_rate": {
    "mean": 0.06565064842990172,
    "std": 0.003483130022353799,
    "min": 0.06107768418237732,
    "max": 0.07065050084065452,
    "median": 0.06631161839627546
  },
  "std_reward": {
    "mean": 85.89166033530367,
    "std": 9.924045790141362,
    "min": 70.61897761933403,
    "max": 96.16049084733294,
    "median": 87.63195764103413
  }
}