{
  "min_reward": {
    "mean": -322.8,
    "std": 388.1486313256818,
    "min": -1099.0,
    "max": -117.0,
    "median": -133.0
  },
  "total_steps": {
    "mean": 21550.6,
    "std": 39225.204022923834,
    "min": 1731.0,
    "max": 100000.0,
    "median": 1888.0
  },
  "max_reward": {
    "mean": -211.6,
    "std": 394.200761034273,
    "min": -1000.0,
    "max": -13.0,
    "median": -15.0
  },
  "avg_reward": {
    "mean": -217.48600000000002,
    "std": 392.2517323148491,
    "min": -1001.98,
    "max": -19.22,
    "median": -22.84
  },
  "avg_violations_per_episode": {
    "mean": 0.038000000000000006,
    "std": 0.019390719429665314,
    "min": 0.01,
    "max": 0.07,
    "median": 0.04
  },
  "best_avg_reward": {
    "mean": -204.0,
    "std": 371.58057473447127,
    "min": -947.16,
    "max": -17.52,
    "median": -18.32
  },
  "train_episodes": {
    "mean": 174.0,
    "std": 103.84603988597736,
    "min": 100.0,
    "max": 380.0,
    "median": 130.0
  },
  "final_reward": {
    "mean": -213.2,
    "std": 393.40279612631116,
    "min": -1000.0,
    "max": -15.0,
    "median": -17.0
  },
  "avg_modifications_per_episode": {
    "mean": 0.038000000000000006,
    "std": 0.019390719429665314,
    "min": 0.01,
    "max": 0.07,
    "median": 0.04
  },
  "seed": {
    "mean": 484.2,
    "std": 373.42276309834136,
    "min": 42.0,
    "max": 1011.0,
    "median": 456.0
  },
  "env": "CliffWalking-v1",
  "total_violations": {
    "mean": 3.8,
    "std": 1.9390719429665317,
    "min": 1.0,
    "max": 7.0,
    "median": 4.0
  },
  "total_modifications": {
    "mean": 3.8,
    "std": 1.9390719429665317,
    "min": 1.0,
    "max": 7.0,
    "median": 4.0
  },
  "avg_shield_mod_rate": {
    "mean": 0.0015746880359956933,
    "std": 0.0013135961531514733,
    "min": 4e-05,
    "max": 0.0038398244651673065,
    "median": 0.0017308524448290783
  },
  "method": "ppo_layer_soft",
  "avg_violations_per_step": {
    "mean": 0.0015746880359956933,
    "std": 0.0013135961531514733,
    "min": 4e-05,
    "max": 0.0038398244651673065,
    "median": 0.0017308524448290783
  },
  "std_reward": {
    "mean": 14.748365700000917,
    "std": 3.5852488308395727,
    "min": 10.267015145600984,
    "max": 21.124734317855932,
    "median": 13.860000000000003
  }
}