{
  "avg_reward": {
    "mean": 188.86999999999998,
    "std": 123.06531680372014,
    "min": 59.51,
    "max": 373.15,
    "median": 147.28
  },
  "avg_violations_per_step": {
    "mean": 0.013835437811643961,
    "std": 0.014223923975099702,
    "min": 0.0016803898504453,
    "max": 0.0397202607278652,
    "median": 0.0064455485430374
  },
  "total_violations": {
    "mean": 257.2,
    "std": 249.0216054883592,
    "min": 10.0,
    "max": 585.0,
    "median": 110.0
  },
  "avg_shield_mod_rate": {
    "mean": 0.0,
    "std": 0.0,
    "min": 0.0,
    "max": 0.0,
    "median": 0.0
  },
  "max_reward": {
    "mean": 360.4,
    "std": 127.4842735399155,
    "min": 206.0,
    "max": 500.0,
    "median": 371.0
  },
  "total_modifications": {
    "mean": 0.0,
    "std": 0.0,
    "min": 0.0,
    "max": 0.0,
    "median": 0.0
  },
  "std_reward": {
    "mean": 59.4343885670187,
    "std": 28.993902042750957,
    "min": 22.495812943745776,
    "max": 104.96012338026286,
    "median": 48.44801234312921
  },
  "total_steps": {
    "mean": 18887.0,
    "std": 12306.531680372012,
    "min": 5951.0,
    "max": 37315.0,
    "median": 14728.0
  },
  "best_avg_reward": {
    "mean": 220.13599999999997,
    "std": 24.73582147412937,
    "min": 191.16,
    "max": 264.52,
    "median": 217.68
  },
  "final_reward": {
    "mean": 182.0,
    "std": 168.27715234101152,
    "min": 34.0,
    "max": 498.0,
    "median": 161.0
  },
  "seed": {
    "mean": 484.2,
    "std": 373.42276309834136,
    "min": 42.0,
    "max": 1011.0,
    "median": 456.0
  },
  "method": "cppo",
  "env": "CartPole-v1",
  "min_reward": {
    "mean": 63.8,
    "std": 56.834496566785916,
    "min": 13.0,
    "max": 169.0,
    "median": 44.0
  },
  "avg_violations_per_episode": {
    "mean": 2.572,
    "std": 2.4902160548835917,
    "min": 0.1,
    "max": 5.85,
    "median": 1.1
  },
  "train_episodes": {
    "mean": 382.0,
    "std": 71.10555533852471,
    "min": 280.0,
    "max": 500.0,
    "median": 370.0
  },
  "avg_modifications_per_episode": {
    "mean": 0.0,
    "std": 0.0,
    "min": 0.0,
    "max": 0.0,
    "median": 0.0
  }
}