{
  "min_reward": {
    "mean": -31.8,
    "std": 3.867815921162743,
    "min": -36.0,
    "max": -25.0,
    "median": -32.0
  },
  "total_steps": {
    "mean": 1966.2,
    "std": 86.77879925419572,
    "min": 1799.0,
    "max": 2051.0,
    "median": 1993.0
  },
  "max_reward": {
    "mean": -15.0,
    "std": 0.0,
    "min": -15.0,
    "max": -15.0,
    "median": -15.0
  },
  "avg_reward": {
    "mean": -19.662,
    "std": 0.867787992541958,
    "min": -20.51,
    "max": -17.99,
    "median": -19.93
  },
  "avg_violations_per_episode": {
    "mean": 1.9579999999999997,
    "std": 0.5761735849550896,
    "min": 1.43,
    "max": 3.03,
    "median": 1.9
  },
  "best_avg_reward": {
    "mean": -19.32,
    "std": 0.5970594610254494,
    "min": -19.96,
    "max": -18.28,
    "median": -19.52
  },
  "train_episodes": {
    "mean": 254.0,
    "std": 14.966629547095765,
    "min": 240.0,
    "max": 280.0,
    "median": 250.0
  },
  "final_reward": {
    "mean": -20.4,
    "std": 2.8,
    "min": -25.0,
    "max": -17.0,
    "median": -21.0
  },
  "avg_modifications_per_episode": {
    "mean": 1.9579999999999997,
    "std": 0.5761735849550896,
    "min": 1.43,
    "max": 3.03,
    "median": 1.9
  },
  "seed": {
    "mean": 484.2,
    "std": 373.42276309834136,
    "min": 42.0,
    "max": 1011.0,
    "median": 456.0
  },
  "env": "CliffWalking-v1",
  "total_violations": {
    "mean": 195.8,
    "std": 57.617358495508974,
    "min": 143.0,
    "max": 303.0,
    "median": 190.0
  },
  "total_modifications": {
    "mean": 195.8,
    "std": 57.617358495508974,
    "min": 143.0,
    "max": 303.0,
    "median": 190.0
  },
  "avg_shield_mod_rate": {
    "mean": 0.09970527080424635,
    "std": 0.028906533195498782,
    "min": 0.07211296016137166,
    "max": 0.15112219451371572,
    "median": 0.09263773768893223
  },
  "method": "ppo_preshield_hard",
  "avg_violations_per_step": {
    "mean": 0.09970527080424635,
    "std": 0.028906533195498782,
    "min": 0.07211296016137166,
    "max": 0.15112219451371572,
    "median": 0.09263773768893223
  },
  "std_reward": {
    "mean": 3.2591850393509083,
    "std": 0.5480993333978982,
    "min": 2.286897461627871,
    "max": 3.91503512117069,
    "median": 3.398514381314283
  }
}