episode,reward,violations,violation_rate,modifications,modification_rate
1,80.0,55,0.102803738317757,0,0.0
2,60.0,127,0.11662075298438934,0,0.0
3,120.0,204,0.12326283987915408,0,0.0
4,160.0,276,0.11749680715197956,0,0.0
5,120.0,355,0.12224517906336088,0,0.0
