{
  "total_modifications": {
    "mean": 0.0,
    "std": 0.0,
    "min": 0.0,
    "max": 0.0
  },
  "seed": {
    "mean": 484.2,
    "std": 373.42276309834136,
    "min": 42.0,
    "max": 1011.0
  },
  "avg_modifications_per_episode": {
    "mean": 0.0,
    "std": 0.0,
    "min": 0.0,
    "max": 0.0
  },
  "best_avg_reward": {
    "mean": 464.38,
    "std": 39.94948810685815,
    "min": 385.7,
    "max": 497.0
  },
  "std_reward": {
    "mean": 104.23688706349753,
    "std": 22.07372816974193,
    "min": 69.4627806814556,
    "max": 136.89667636579057
  },
  "min_reward": {
    "mean": 111.2,
    "std": 34.07286310247497,
    "min": 59.0,
    "max": 159.0
  },
  "avg_shield_mod_rate": {
    "mean": 0.0,
    "std": 0.0,
    "min": 0.0,
    "max": 0.0
  },
  "final_reward": {
    "mean": 413.2,
    "std": 131.14480546327405,
    "min": 153.0,
    "max": 500.0
  },
  "env": "CartPole-v1",
  "avg_reward": {
    "mean": 408.838,
    "std": 67.72522171244624,
    "min": 281.0,
    "max": 476.39
  },
  "avg_violations_per_episode": {
    "mean": 5.38,
    "std": 2.106266839695294,
    "min": 2.43,
    "max": 8.05
  },
  "total_violations": {
    "mean": 538.0,
    "std": 210.62668396952935,
    "min": 243.0,
    "max": 805.0
  },
  "max_reward": {
    "mean": 500.0,
    "std": 0.0,
    "min": 500.0,
    "max": 500.0
  },
  "avg_violations_per_step": {
    "mean": 0.014095601674883168,
    "std": 0.006761014545465866,
    "min": 0.005100862738512563,
    "max": 0.023131672597864767
  },
  "train_episodes": {
    "mean": 500.0,
    "std": 0.0,
    "min": 500.0,
    "max": 500.0
  },
  "method": "ppo_reward_shaping",
  "total_steps": {
    "mean": 40883.8,
    "std": 6772.522171244625,
    "min": 28100.0,
    "max": 47639.0
  }
}