{
  "total_violations": {
    "mean": 276.4,
    "std": 228.2845592675948,
    "min": 58.0,
    "max": 683.0
  },
  "avg_violations_per_step": {
    "mean": 0.06455501149523422,
    "std": 0.053400712182639115,
    "min": 0.001229986215671721,
    "max": 0.13521695257315844
  },
  "avg_violations_per_episode": {
    "mean": 2.7640000000000002,
    "std": 2.282845592675948,
    "min": 0.58,
    "max": 6.83
  },
  "avg_modifications_per_episode": {
    "mean": 2.7640000000000002,
    "std": 2.282845592675948,
    "min": 0.58,
    "max": 6.83
  },
  "final_reward": {
    "mean": 190.4,
    "std": 180.26380668342716,
    "min": 9.0,
    "max": 453.0
  },
  "env": "CartPole-v1",
  "total_steps": {
    "mean": 16252.4,
    "std": 16830.731435086236,
    "min": 991.0,
    "max": 47155.0
  },
  "total_modifications": {
    "mean": 276.4,
    "std": 228.2845592675948,
    "min": 58.0,
    "max": 683.0
  },
  "std_reward": {
    "mean": 50.244950877143026,
    "std": 47.51705242703385,
    "min": 1.3348782716038192,
    "max": 123.06465739602089
  },
  "best_avg_reward": {
    "mean": 206.48000000000002,
    "std": 182.96335589401502,
    "min": 15.4,
    "max": 500.0
  },
  "seed": {
    "mean": 484.2,
    "std": 373.42276309834136,
    "min": 42.0,
    "max": 1011.0
  },
  "train_episodes": {
    "mean": 500.0,
    "std": 0.0,
    "min": 500.0,
    "max": 500.0
  },
  "max_reward": {
    "mean": 267.6,
    "std": 215.73372476272687,
    "min": 15.0,
    "max": 500.0
  },
  "min_reward": {
    "mean": 39.0,
    "std": 38.27270567911289,
    "min": 8.0,
    "max": 99.0
  },
  "avg_shield_mod_rate": {
    "mean": 0.06455501149523422,
    "std": 0.053400712182639115,
    "min": 0.001229986215671721,
    "max": 0.13521695257315844
  },
  "method": "ppo_preshield_hard",
  "avg_reward": {
    "mean": 162.52399999999997,
    "std": 168.30731435086238,
    "min": 9.91,
    "max": 471.55
  }
}