{
  "total_modifications": {
    "mean": 680.0,
    "std": 566.8234292969902,
    "min": 123.0,
    "max": 1564.0
  },
  "seed": {
    "mean": 484.2,
    "std": 373.42276309834136,
    "min": 42.0,
    "max": 1011.0
  },
  "avg_modifications_per_episode": {
    "mean": 6.8,
    "std": 5.668234292969901,
    "min": 1.23,
    "max": 15.64
  },
  "best_avg_reward": {
    "mean": 113.88,
    "std": 87.9725275299056,
    "min": 10.5,
    "max": 213.4
  },
  "std_reward": {
    "mean": 33.39973994796566,
    "std": 31.666407933459503,
    "min": 0.8046738469715541,
    "max": 85.80842557697933
  },
  "min_reward": {
    "mean": 13.8,
    "std": 5.878775382679628,
    "min": 8.0,
    "max": 24.0
  },
  "avg_shield_mod_rate": {
    "mean": 0.10386466940433066,
    "std": 0.048528868941069905,
    "min": 0.02919839318904011,
    "max": 0.15797979797979797
  },
  "final_reward": {
    "mean": 126.0,
    "std": 108.28665661105249,
    "min": 9.0,
    "max": 281.0
  },
  "env": "CartPole-v1",
  "avg_reward": {
    "mean": 90.59,
    "std": 70.82873625866834,
    "min": 9.43,
    "max": 168.28
  },
  "avg_violations_per_episode": {
    "mean": 6.8,
    "std": 5.668234292969901,
    "min": 1.23,
    "max": 15.64
  },
  "total_violations": {
    "mean": 680.0,
    "std": 566.8234292969902,
    "min": 123.0,
    "max": 1564.0
  },
  "max_reward": {
    "mean": 208.6,
    "std": 185.64115922930452,
    "min": 11.0,
    "max": 500.0
  },
  "avg_violations_per_step": {
    "mean": 0.10386466940433066,
    "std": 0.048528868941069905,
    "min": 0.02919839318904011,
    "max": 0.15797979797979797
  },
  "train_episodes": {
    "mean": 500.0,
    "std": 0.0,
    "min": 500.0,
    "max": 500.0
  },
  "method": "ppo_preshield_hard",
  "total_steps": {
    "mean": 9059.0,
    "std": 7082.873625866834,
    "min": 943.0,
    "max": 16828.0
  }
}