{
  "avg_reward": {
    "mean": 267.29400000000004,
    "std": 124.159923099203,
    "min": 120.94,
    "max": 475.89,
    "median": 230.53
  },
  "avg_violations_per_step": {
    "mean": 0.0250249355896415,
    "std": 0.011189844222265046,
    "min": 0.0106276840324469,
    "max": 0.042086985281958,
    "median": 0.0241350830503808
  },
  "total_violations": {
    "mean": 579.8,
    "std": 198.91043210450275,
    "min": 245.0,
    "max": 789.0,
    "median": 584.0
  },
  "avg_shield_mod_rate": {
    "mean": 0.0250249355896415,
    "std": 0.011189844222265046,
    "min": 0.0106276840324469,
    "max": 0.042086985281958,
    "median": 0.0241350830503808
  },
  "max_reward": {
    "mean": 398.6,
    "std": 126.94187646320658,
    "min": 159.0,
    "max": 500.0,
    "median": 448.0
  },
  "total_modifications": {
    "mean": 579.8,
    "std": 198.91043210450275,
    "min": 245.0,
    "max": 789.0,
    "median": 584.0
  },
  "std_reward": {
    "mean": 72.99679255113237,
    "std": 38.535455586342124,
    "min": 30.752827512279257,
    "max": 141.1101055913431,
    "median": 57.127831220868174
  },
  "total_steps": {
    "mean": 26729.4,
    "std": 12415.9923099203,
    "min": 12094.0,
    "max": 47589.0,
    "median": 23053.0
  },
  "best_avg_reward": {
    "mean": 205.408,
    "std": 34.32676297002094,
    "min": 153.48,
    "max": 253.36,
    "median": 215.64
  },
  "final_reward": {
    "mean": 163.8,
    "std": 97.79038807572041,
    "min": 18.0,
    "max": 323.0,
    "median": 160.0
  },
  "seed": {
    "mean": 484.2,
    "std": 373.42276309834136,
    "min": 42.0,
    "max": 1011.0,
    "median": 456.0
  },
  "method": "ppo_preshield_hard",
  "env": "CartPole-v1",
  "min_reward": {
    "mean": 57.2,
    "std": 40.18656491913684,
    "min": 16.0,
    "max": 125.0,
    "median": 58.0
  },
  "avg_violations_per_episode": {
    "mean": 5.798,
    "std": 1.9891043210450277,
    "min": 2.45,
    "max": 7.89,
    "median": 5.84
  },
  "train_episodes": {
    "mean": 306.0,
    "std": 161.56732342896566,
    "min": 130.0,
    "max": 500.0,
    "median": 230.0
  },
  "avg_modifications_per_episode": {
    "mean": 5.798,
    "std": 1.9891043210450277,
    "min": 2.45,
    "max": 7.89,
    "median": 5.84
  }
}